Temp Sensor 1,Temp Sensor 2,Light Percentage,Soil Moisture 1,Soil Moisture 2,Humidity,Timestamp
20.4,19.7,57.1,52.8,46.3,39.7,1717256725364
20.4,19.7,56.7,53,46.3,39.5,1717256735985
20.4,19.7,56.8,52.8,46.3,39.5,1717256746665
20.4,19.7,56.8,53,46.3,39.4,1717256757286
20.4,19.7,56.6,53.1,46.4,39.4,1717256767906
20.4,19.7,56.6,53.1,46.4,39.3,1717256778526
20.4,19.7,56.7,53.1,46.4,39.3,1717256789208
20.4,19.7,56.6,53,46.4,39.4,1717256799827
20.4,19.7,56.5,53.1,46.3,39.3,1717256810446
20.4,19.7,56.3,53.2,46.4,39.3,1717256821066
20.4,19.7,56.7,52.9,46.3,39.4,1717256831747
20.4,19.7,56.7,52.8,46.3,39.4,1717256842367
20.4,19.7,56.6,53.1,46.4,39.3,1717256852987
20.4,19.7,56.6,53,46.4,39.3,1717256863607
20.4,19.7,56.5,53,46.4,39.3,1717256874288
20.4,19.7,56.7,53.1,46.4,39.2,1717256884907
20.4,19.7,56.6,53.1,46.5,39.2,1717256895527
20.4,19.7,56.7,53,46.5,39.2,1717256906147
20.4,19.7,56.7,52.9,46.3,39.1,1717256916828
20.4,19.7,56.5,53.3,46.5,39.1,1717256927448
20.4,19.7,56.6,53,46.4,39.1,1717256938069
20.4,19.7,56.7,52.8,46.4,39.1,1717256948584
20.4,19.7,56.6,53.2,46.3,39.1,1717256959369
20.4,19.7,56.7,53,46.3,39.1,1717256969988
20.4,19.7,56.7,52.7,46.5,39.1,1717256980610
20.4,19.7,56.9,53.1,46.4,39.2,1717256991289
20.4,19.7,56.8,52.9,46.5,39.2,1717257001909
20.4,19.6,56.9,53,46.4,39.2,1717257012530
20.4,19.6,57,52.9,46.5,39.1,1717257023149
20.4,19.7,57,53.1,46.4,39.1,1717257033770
20.4,19.7,57.2,52.8,46.5,39.1,1717257044450
20.4,19.6,57.2,53,46.4,39.1,1717257055071
20.4,19.6,57.1,53.2,46.4,39.1,1717257065688
20.4,19.6,57.2,52.8,46.5,39,1717257076310
20.4,19.6,57.3,52.8,46.4,39.1,1717257086990
20.4,19.7,57.3,57.7,46.9,39.2,1717257097612
20.4,19.7,57.1,58.8,46.5,39.3,1717257108231
20.6,19.7,57.5,64.1,47.7,39.4,1717257118852
24.6,19.7,57.6,67,76.4,39.5,1717257129530
26.5,19.7,57.4,68.3,76.2,39.5,1717257140151
27.4,19.7,57.4,68.4,76.6,39.5,1717257150772
27.9,19.7,57.4,67.5,74.2,39.5,1717257161392
27.9,19.7,57.4,66.5,73.4,39.5,1717257172011
27.8,19.7,57.5,66.2,72.8,39.3,1717257182691
27.8,19.7,57.5,66.1,72.4,39.3,1717257193312
27.6,19.7,57.4,65.9,72.1,39.2,1717257203931
27.6,19.7,57.4,65.4,71.9,39.2,1717257214552
27.4,19.7,57.4,65.7,71.7,39.2,1717257225232
27.4,19.7,57.5,65.6,71.6,39.2,1717257235852
27.3,19.7,57.5,65.4,71.5,39.2,1717257246472
27.2,19.7,57.7,65.4,71.5,39.1,1717257257093
27.1,19.7,57.4,65.4,71.3,39,1717257267774
27,19.7,57.5,65.3,71.2,39.1,1717257278393
26.9,19.7,57.5,65.1,71,39.1,1717257289013
26.9,19.7,57.4,65.3,70.8,39.1,1717257299635
26.8,19.7,57.6,65.2,70.7,39,1717257310253
26.8,19.7,57.6,65.2,70.9,39,1717257320934
26.7,19.7,57.4,65.1,70.6,39,1717257331554
26.6,19.7,57.5,64.9,70.4,39,1717257342174
26.6,19.7,57.5,65.1,70.3,39.1,1717257352794
26.5,19.7,57.4,65.1,70.5,39,1717257363474
26.4,19.7,57.7,65,70.4,39,1717257374094
26.4,19.7,57.7,64.6,70.3,39,1717257384715
26.4,19.7,57.8,64.4,70.1,39,1717257395334
26.3,19.7,57.8,64.5,70,39,1717257406014
26.3,19.7,57.8,64.4,70.1,39,1717257416635
26.2,19.7,57.7,64.7,69.9,39,1717257427254
26.2,19.7,57.7,64.4,69.9,39,1717257437874
26.1,19.7,57.8,64.4,69.9,38.9,1717257448553
26.1,19.7,57.8,64.4,69.9,38.9,1717257459176
26.1,19.7,57.8,64.5,69.8,39,1717257469795
26,19.7,57.7,64.1,69.7,38.9,1717257480415
26,19.7,57.6,64.3,69.5,38.8,1717257491036
25.9,19.7,57.7,64.4,69.7,38.7,1717257501715
25.9,19.6,57.6,64.2,69.6,38.8,1717257512337
25.9,19.7,57.7,64.1,69.6,38.7,1717257522956
25.9,19.7,57.5,64.1,69.5,38.9,1717257533576
25.8,19.6,57.4,64.2,69.6,38.8,1717257544255
25.8,19.6,57.6,64.1,69.5,38.8,1717257554876
25.8,19.6,57.6,64.1,69.2,38.8,1717257565495
25.8,19.6,57.5,64.3,69.4,38.9,1717257576117
25.8,19.6,57.5,64.2,69.2,38.9,1717257586796
25.7,19.6,57.5,63.8,69.3,38.7,1717257597416
25.7,19.6,57.7,64.1,69.3,38.8,1717257608037
25.7,19.6,57.6,64,69.1,38.7,1717257618657
25.6,19.6,57.7,64,69.2,38.7,1717257629277
25.6,19.6,57.7,64.1,69.1,38.7,1717257639967
25.6,19.6,57.8,63.7,69.1,38.6,1717257650577
25.6,19.6,57.8,63.9,69.2,38.7,1717257661199
25.6,19.6,57.7,64,69.2,38.7,1717257671818
25.6,19.6,57.5,64,69.1,38.6,1717257682499
25.5,19.6,57.7,64.1,69,38.6,1717257693119
25.5,19.6,57.8,64,69,38.6,1717257703738
25.4,19.6,57.8,63.7,69,38.6,1717257714358
25.4,19.6,57.9,63.8,68.9,38.6,1717257725040
25.4,19.6,57.9,63.7,69,38.5,1717257735659
25.4,19.5,57.8,63.9,69,38.5,1717257746279
25.4,19.5,57.8,63.9,69.1,38.5,1717257756899
25.4,19.5,57.9,63.9,69,38.6,1717257767526
25.4,19.5,57.9,63.7,68.8,38.6,1717257778199
25.4,19.5,58,63.7,68.9,38.6,1717257788820
25.3,19.5,57.9,63.9,68.8,38.5,1717257799439
25.3,19.5,57.8,63.9,68.8,38.5,1717257810060
25.3,19.5,57.8,64,68.8,38.5,1717257820742
25.3,19.5,57.9,63.7,68.9,38.6,1717257831360
25.3,19.5,58,63.8,68.7,38.5,1717257841980
25.3,19.5,58,63.7,68.8,38.5,1717257852601
25.3,19.5,57.8,63.7,68.9,38.5,1717257863280
25.3,19.5,58,63.5,68.7,38.5,1717257873901
25.3,19.5,58.1,63.6,68.7,38.5,1717257884521
25.2,19.5,57.9,63.7,68.7,38.5,1717257895140
25.2,19.5,58.1,63.7,68.7,38.4,1717257905822
25.2,19.5,58,63.7,68.6,38.5,1717257916441
25.2,19.5,58.1,63.6,68.6,38.4,1717257927061
25.1,19.5,58.2,63.6,68.7,38.5,1717257937682
25.1,19.5,58.2,63.6,68.7,38.5,1717257948302
25.1,19.5,58.1,63.7,68.7,38.6,1717257958982
25.1,19.5,57.9,63.6,68.7,38.5,1717257969603
25.1,19.5,57.9,63.5,68.7,38.4,1717257980222
25.1,19.5,58,63.6,68.7,38.4,1717257990843
25.1,19.5,57.8,63.7,68.7,38.4,1717258001522
25.1,19.5,57.9,63.6,68.6,38.5,1717258012142
25.1,19.5,57.8,63.6,68.5,38.4,1717258022763
25.1,19.5,57.9,63.5,68.5,38.4,1717258033383
25.1,19.5,57.8,63.4,68.5,38.3,1717258044064
25,19.5,57.9,63.4,68.4,38.4,1717258054683
25,19.5,58,63.3,68.4,38.4,1717258065304
25,19.5,58,63.2,68.4,38.5,1717258075924
25,19.5,58.1,63.4,68.4,38.6,1717258086543
25,19.5,58.1,63.2,68.4,38.5,1717258097223
25,19.5,58.1,63.4,68.4,38.5,1717258107842
25,19.5,58.1,63.3,68.3,38.5,1717258118464
24.9,19.5,58,63.5,68.4,38.4,1717258129084
24.9,19.5,57.8,63.5,68.5,38.4,1717258139765
24.9,19.5,58,63.6,68.4,38.4,1717258150279
24.9,19.5,58.2,63.6,68.3,38.4,1717258161005
24.9,19.5,58.2,63.2,68.4,38.4,1717258171625
24.9,19.5,58.1,63.3,68.4,38.4,1717258182305
24.9,19.5,58.2,63.2,68.3,38.5,1717258192925
24.9,19.5,58.3,63.4,68.4,38.5,1717258203546
24.9,19.5,58.4,63.2,68.3,38.4,1717258214167
24.9,19.5,58.5,63.4,68.3,38.4,1717258224845
24.9,19.5,58.5,63.3,68.4,38.4,1717258235465
24.9,19.5,58.6,63.2,68.1,38.4,1717258246087
24.8,19.5,58.5,63.2,68.1,38.4,1717258256708
24.8,19.5,58.6,63.3,68.2,38.4,1717258267327
24.8,19.5,58.7,63.3,68.2,38.4,1717258278007
24.8,19.5,58.6,63.3,68.2,38.4,1717258288626
24.8,19.5,58.7,63.2,68.2,38.3,1717258299246
24.8,19.5,58.7,63.3,68.2,38.3,1717258309867
24.8,19.5,58.5,63.4,68.2,38.3,1717258320549
24.8,19.5,58.9,63.2,68,38.3,1717258331167
24.8,19.5,58.9,63.3,68,38.4,1717258341788
24.8,19.5,58.9,63.2,68,38.4,1717258352408
24.8,19.5,58.9,63.4,68.1,38.3,1717258363087
24.8,19.5,59,63.2,68,38.3,1717258373707
24.8,19.5,59,63.2,68.1,38.5,1717258384327
24.8,19.5,59,63.1,68.2,38.5,1717258394948
24.8,19.5,59.2,63.2,68,38.4,1717258405568
24.7,19.5,59.1,63.2,68.1,38.4,1717258416249
24.7,19.5,59.2,63,68,38.4,1717258426868
24.7,19.5,59,63.4,68.3,38.4,1717258437489
24.7,19.5,59.3,63,68.1,38.5,1717258448109
24.7,19.5,59.2,63.5,68.1,38.4,1717258458789
24.7,19.5,59.4,63,68.1,38.5,1717258469409
24.7,19.5,59.4,62.9,68,38.6,1717258480030
24.7,19.5,59.4,63.3,68,38.6,1717258490649
24.7,19.5,59.4,63.3,68,38.7,1717258501330
24.6,19.5,59.4,63.2,68,38.7,1717258511949
24.6,19.5,59.5,63,68,38.6,1717258522569
24.6,19.5,59.5,62.9,68.1,38.7,1717258533190
24.6,19.5,59.5,63.2,67.9,38.6,1717258543871
24.6,19.5,59.4,63,67.9,38.5,1717258554489
24.6,19.5,59.5,63.1,67.9,38.5,1717258565110
24.6,19.5,59.4,63.3,67.8,38.6,1717258575730
24.6,19.5,59.6,62.9,67.9,38.7,1717258586351
24.6,19.5,59.4,63.2,68,38.8,1717258597030
24.6,19.5,59.4,62.9,67.9,38.7,1717258607651
24.6,19.5,59.4,62.9,67.9,38.7,1717258618272
24.6,19.5,59.4,63.1,67.7,38.7,1717258628892
24.6,19.5,59.4,63.2,68,38.7,1717258639573
24.6,19.5,59.4,63,67.8,38.7,1717258650191
24.6,19.5,59.3,63.1,67.8,38.8,1717258660813
24.6,19.5,59.2,63,67.9,38.9,1717258671431
24.6,19.5,59.1,63,67.8,38.8,1717258682111
24.6,19.5,58.9,62.9,67.8,38.8,1717258692732
24.6,19.5,59.2,62.9,67.7,38.8,1717258703353
24.6,19.5,59.2,62.9,67.8,38.9,1717258713973
24.5,19.5,59,63.2,67.8,38.9,1717258724592
24.5,19.5,59.3,62.9,67.6,38.8,1717258735273
24.5,19.5,59,62.9,67.8,38.9,1717258745893
24.5,19.5,59.1,62.9,67.9,38.9,1717258756514
24.5,19.5,59,62.8,67.8,38.9,1717258767133
24.4,19.5,58.9,63.1,67.9,38.9,1717258777813
24.4,19.5,58.9,62.9,67.6,38.9,1717258788432
24.5,19.5,58.9,62.9,67.7,39,1717258799054
24.4,19.5,58.9,63,67.7,39.2,1717258809674
24.4,19.5,58.9,63.1,67.6,39.1,1717258820353
24.4,19.5,58.9,62.8,67.7,39,1717258830974
24.4,19.5,59,63,67.7,39,1717258841595
24.4,19.5,59,62.9,67.6,39.1,1717258852214
24.4,19.5,58.9,63.1,67.8,39,1717258862895
24.4,19.5,59,62.9,67.8,39.1,1717258873515
24.4,19.5,59,63,67.8,39.3,1717258884134
24.4,19.5,59,62.9,67.7,39.2,1717258894753
24.4,19.5,59,63,67.7,39.1,1717258905374
24.4,19.5,59.1,62.9,67.6,39.1,1717258916055
24.4,19.5,59,63.1,67.8,39.2,1717258926677
24.4,19.5,59,62.9,67.7,39.2,1717258937295
24.4,19.5,59.1,63,67.7,39.3,1717258947916
24.4,19.5,59,63,67.8,39.3,1717258958596
24.4,19.5,59.2,62.8,67.7,39.3,1717258969215
24.4,19.5,59.1,62.9,67.8,39.2,1717258979836
24.4,19.5,59.3,62.9,67.6,39.3,1717258990455
24.4,19.5,59.1,63,67.7,39.3,1717259001135
24.3,19.5,59.1,62.7,67.7,39.3,1717259011757
24.3,19.5,59.2,62.9,67.7,39.3,1717259022376
24.3,19.5,59,62.8,67.6,39.3,1717259032996
24.3,19.5,59,62.9,67.6,39.4,1717259043676
24.3,19.5,58.9,62.9,67.5,39.4,1717259054297
24.3,19.5,59,62.9,67.6,39.3,1717259064917
24.3,19.5,59,62.9,67.6,39.4,1717259075536
24.3,19.5,59,63,67.6,39.3,1717259086156
24.3,19.5,59,62.9,67.6,39.3,1717259096837
24.3,19.5,59,62.6,67.6,39.3,1717259107456
24.3,19.5,59,62.9,67.5,39.3,1717259118077
24.3,19.5,59,62.9,67.6,39.3,1717259128698
24.3,19.5,59,62.8,67.7,39.3,1717259139379
24.3,19.5,59,62.9,67.6,39.2,1717259149997
24.3,19.5,58.9,62.9,67.6,39.2,1717259160618
24.3,19.5,58.9,62.8,67.8,39.2,1717259171238
24.3,19.5,58.6,62.9,67.6,39.2,1717259181919
24.3,19.5,58.6,62.8,67.6,39.3,1717259192538
24.2,19.5,58.7,62.9,67.6,39.3,1717259203158
24.2,19.5,58.6,62.9,67.5,39.4,1717259213778
24.2,19.5,58.4,62.9,67.6,39.4,1717259224459
24.2,19.5,58.7,62.9,67.7,39.3,1717259235080
24.2,19.4,58.6,63.1,67.6,39.3,1717259245699
24.2,19.5,58.5,62.8,67.6,39.3,1717259256319
24.2,19.5,58.5,62.9,67.7,39.3,1717259267000
24.2,19.5,58.4,62.9,67.6,39.4,1717259277620
24.2,19.4,58.5,62.8,67.6,39.4,1717259288240
24.2,19.5,58.4,62.9,67.6,39.4,1717259298860
24.2,19.4,58.3,63,67.6,39.4,1717259309541
24.1,19.5,58.3,62.9,67.6,39.3,1717259320160
24.1,19.4,58.1,63,67.6,39.4,1717259330781
24.1,19.4,58.2,62.9,67.6,39.5,1717259341400
24.1,19.5,58.2,63,67.6,39.6,1717259352086
24.1,19.4,58,63,67.6,39.6,1717259362700
24.1,19.4,57.9,62.9,67.6,39.5,1717259373319
24.1,19.4,58,62.8,67.6,39.5,1717259383947
24.1,19.4,57.9,62.8,67.5,39.5,1717259394560
24.1,19.4,57.9,62.9,67.6,39.6,1717259405241
24.1,19.4,58,62.8,67.6,39.6,1717259415861
24.1,19.4,57.9,62.7,67.6,39.7,1717259426480
24.1,19.4,57.9,62.7,67.6,39.6,1717259437102
24.1,19.4,57.8,63,67.6,39.6,1717259447783
24.1,19.4,58,62.9,67.6,39.7,1717259458402
24.1,19.4,58.1,62.8,67.5,39.7,1717259469022
24.1,19.4,58.1,62.9,67.5,39.6,1717259479642
24.1,19.4,58.1,63,67.6,39.6,1717259490321
24.1,19.4,58.2,62.9,67.6,39.6,1717259500943
24.1,19.4,58.2,62.8,67.5,39.6,1717259511563
24,19.4,58.4,62.6,67.5,39.6,1717259522181
24.1,19.4,58.3,62.9,67.6,39.7,1717259532862
24,19.4,58.5,63.1,67.6,39.7,1717259543482
24.1,19.4,58.5,62.9,67.5,39.7,1717259554103
24,19.4,58.5,62.8,67.6,39.7,1717259564725
24,19.5,58.5,62.8,67.6,39.7,1717259575403
24,19.4,58.8,62.7,67.6,39.7,1717259586025
24,19.5,58.8,62.9,67.6,39.7,1717259596644
24,19.4,58.9,62.9,67.5,39.6,1717259607264
24,19.4,58.9,62.8,67.6,39.6,1717259617945
23.9,19.4,59,62.9,67.5,39.6,1717259628565
24,19.4,59,62.9,67.5,39.6,1717259639186
24,19.5,59,63,67.6,39.6,1717259649805
23.9,19.4,58.9,63,67.6,39.6,1717259660485
23.9,19.5,59.3,62.9,67.6,39.5,1717259671107
23.9,19.5,59.3,62.8,67.6,39.5,1717259681725
23.9,19.4,59.1,62.7,67.5,39.6,1717259692344
23.9,19.4,59,62.9,67.6,39.5,1717259703026
23.9,19.4,59.2,62.5,67.6,39.5,1717259713646
23.9,19.4,59.3,62.6,67.4,39.5,1717259724265
23.9,19.4,59.2,62.7,67.5,39.5,1717259734885
23.9,19.4,59,62.9,67.6,39.4,1717259745567
23.9,19.4,59.1,62.9,67.5,39.4,1717259756187
23.9,19.4,59,62.9,67.4,39.4,1717259766806
23.9,19.4,59,62.7,67.4,39.4,1717259777426
23.9,19.4,58.9,62.9,67.6,39.4,1717259788106
23.9,19.4,59.1,62.7,67.5,39.4,1717259798726
23.9,19.4,59,62.8,67.5,39.4,1717259809346
23.9,19.4,59,62.6,67.4,39.4,1717259819967
23.9,19.4,58.9,62.7,67.6,39.4,1717259830646
23.9,19.4,59.1,62.8,67.6,39.4,1717259841267
23.9,19.4,59,62.7,67.5,39.5,1717259851888
23.9,19.4,59,62.9,67.4,39.4,1717259862508
23.8,19.4,58.9,62.7,67.6,39.5,1717259873188
23.9,19.4,59,62.9,67.5,39.4,1717259883809
23.8,19.4,59,62.6,67.5,39.5,1717259894428
23.8,19.4,58.9,62.6,67.6,39.5,1717259905048
23.8,19.4,58.9,62.6,67.6,39.4,1717259915728
23.8,19.4,58.8,62.9,67.3,39.4,1717259926350
23.8,19.4,58.6,62.6,67.4,39.5,1717259936968
23.8,19.4,58.6,62.9,67.4,39.5,1717259947589
23.8,19.4,58.5,62.6,67.5,39.3,1717259958269
23.8,19.4,58.5,62.7,67.4,39.4,1717259968890
23.8,19.4,58.3,62.8,67.5,39.4,1717259979511
23.8,19.4,58.3,62.6,67.5,39.5,1717259990130
23.8,19.4,58.2,62.8,67.4,39.4,1717260000811
23.8,19.4,58.1,62.8,67.4,39.4,1717260011429
23.8,19.4,57.9,62.8,67.4,39.5,1717260022050
23.8,19.4,57.8,62.7,67.5,39.4,1717260032671
23.8,19.4,57.8,62.9,67.5,39.4,1717260043350
23.8,19.4,57.6,62.6,67.5,39.3,1717260053971
23.8,19.4,57.4,62.9,67.4,39.3,1717260064591
23.8,19.4,57.5,62.5,67.4,39.3,1717260075211
23.8,19.4,57.4,62.8,67.4,39.4,1717260085892
23.8,19.4,57.2,62.8,67.4,39.4,1717260096511
23.8,19.4,57.1,62.5,67.4,39.3,1717260107132
23.8,19.4,57,62.6,67.4,39.4,1717260117751
23.7,19.4,57,62.7,67.3,39.3,1717260128432
23.7,19.4,56.8,62.5,67.6,39.2,1717260139051
23.8,19.4,56.8,62.7,67.4,39.2,1717260149671
23.7,19.4,56.7,62.8,67.4,39.2,1717260160293
23.7,19.4,56.3,62.8,67.4,39.2,1717260170972
23.7,19.4,56.5,62.8,67.3,39.2,1717260181592
23.7,19.4,56.3,62.6,67.4,39.2,1717260192212
23.7,19.4,56.1,62.6,67.4,39.2,1717260202832
23.7,19.4,56.1,62.8,67.4,39.1,1717260213513
23.7,19.4,55.9,62.9,67.3,39.1,1717260224133
23.7,19.4,55.9,62.6,67.3,39,1717260234752
23.7,19.4,55.8,62.8,67.4,39.1,1717260245374
23.6,19.4,55.7,62.8,67.3,39.1,1717260256053
23.6,19.4,55.6,62.9,67.5,39.1,1717260266673
23.6,19.4,55.4,62.8,67.4,39.2,1717260277294
23.6,19.4,55.2,62.5,67.4,39.2,1717260287915
23.6,19.4,55,62.7,67.5,39.1,1717260298594
23.6,19.4,55.1,62.5,67.4,39.1,1717260309214
23.6,19.3,54.9,62.8,67.3,39.1,1717260319834
23.6,19.4,54.9,62.6,67.4,39.1,1717260330453
23.6,19.4,54.7,62.9,67.3,39.2,1717260341134
23.6,19.4,54.6,62.7,67.3,39.2,1717260351755
23.6,19.3,54.4,62.6,67.4,39.1,1717260362375
23.6,19.3,54.3,62.6,67.4,39.1,1717260372995
23.6,19.4,54,62.8,67.6,39.1,1717260383675
23.6,19.4,54,62.8,67.4,39.2,1717260394294
23.6,19.3,53.9,62.8,67.4,39.2,1717260404916
23.6,19.4,53.8,62.9,67.2,39.1,1717260415535
23.6,19.3,53.7,62.8,67.4,39.1,1717260426217
23.6,19.3,53.5,62.9,67.3,39.1,1717260436835
23.6,19.3,53.5,62.8,67.2,39.1,1717260447458
23.6,19.3,53.2,62.7,67.4,39.1,1717260458074
23.6,19.3,53.1,62.5,67.4,39.1,1717260468755
23.6,19.4,53.1,62.9,67.4,39,1717260479375
23.6,19.3,53,62.7,67.4,39,1717260489997
23.6,19.3,52.8,62.5,67.4,39.1,1717260500616
23.5,19.3,52.7,62.5,67.4,39.1,1717260511296
23.5,19.3,52.7,62.7,67.3,39,1717260521915
23.5,19.3,52.6,62.5,67.2,39,1717260532537
23.5,19.3,52.3,62.7,67.5,39,1717260543157
23.5,19.3,52.3,62.6,67.4,39,1717260553837
23.5,19.3,52.4,62.7,67.3,39.1,1717260564457
23.5,19.3,52,62.8,67.2,39.1,1717260575077
23.5,19.3,52.1,62.5,67.3,39.1,1717260585697
23.5,19.3,51.9,62.7,67.4,39,1717260596377
23.5,19.3,51.8,62.8,67.3,39,1717260606997
23.5,19.3,51.8,62.5,67.2,39,1717260617617
23.4,19.3,51.8,62.6,67.3,39,1717260628239
23.4,19.3,51.7,62.5,67.4,39.1,1717260638918
23.4,19.3,51.6,62.5,67.3,39,1717260649538
23.4,19.3,51.6,62.5,67.4,39,1717260660158
23.4,19.3,51.5,62.7,67.3,39,1717260670779
23.4,19.3,51.3,62.5,67.3,39,1717260681458
23.4,19.3,51.3,62.5,67.3,39,1717260692078
23.4,19.3,51.2,62.6,67.3,39,1717260702699
23.4,19.3,51.2,62.5,67.4,39,1717260713319
23.4,19.3,51.1,62.9,67.3,38.9,1717260724000
23.4,19.3,51.1,62.7,67.4,39,1717260734619
23.4,19.3,50.9,62.6,67.4,39,1717260745241
23.4,19.2,50.9,62.6,67.4,38.9,1717260755861
23.4,19.2,50.8,62.5,67.5,38.9,1717260766539
23.4,19.3,50.7,62.5,67.3,39,1717260777160
23.4,19.2,50.8,62.6,67.3,39,1717260787780
23.4,19.2,50.7,62.5,67.4,38.9,1717260798401
23.4,19.2,50.6,62.7,67.2,38.9,1717260809081
23.4,19.2,50.7,62.7,67.3,38.9,1717260819701
23.4,19.2,50.4,62.5,67.3,38.9,1717260830320
23.4,19.2,50.5,62.5,67.3,38.9,1717260840942
23.4,19.2,50.5,62.8,67.3,38.9,1717260851621
23.4,19.2,50.4,62.5,67.2,38.9,1717260862242
23.4,19.2,50.4,62.6,67.3,39,1717260872861
23.4,19.2,50.4,62.5,67.4,39,1717260883482
23.3,19.2,50.3,62.5,67.3,38.9,1717260894163
23.3,19.2,50.2,62.5,67.3,38.9,1717260904783
23.3,19.2,50.2,62.5,67.4,39,1717260915403
23.3,19.2,50,62.6,67.2,38.9,1717260926021
23.3,19.2,50,62.9,67.3,38.9,1717260936703
23.3,19.2,50.1,62.6,67.3,38.9,1717260947323
23.3,19.2,50,62.5,67.2,38.9,1717260957943
23.3,19.2,49.9,62.6,67.3,38.9,1717260968564
23.3,19.2,49.9,62.5,67.4,39,1717260979243
23.3,19.2,49.9,62.6,67.3,38.9,1717260989863
23.3,19.1,49.7,62.7,67.3,38.9,1717261000483
23.3,19.1,49.9,62.8,67.3,38.9,1717261011103
23.3,19.1,49.8,62.6,67.3,38.9,1717261021784
23.3,19.1,49.8,62.7,67.2,38.9,1717261032404
23.3,19.1,49.7,62.5,67.3,38.9,1717261043025
23.3,19.1,49.7,62.5,67.2,38.9,1717261053643
23.3,19.1,49.8,62.5,67.3,39,1717261064325
23.3,19.1,49.6,62.5,67.3,38.9,1717261074946
23.3,19.1,49.6,62.5,67.2,38.9,1717261085565
23.3,19.1,49.6,62.7,67.3,38.9,1717261096184
23.3,19.1,49.6,62.7,67.3,38.9,1717261106866
23.2,19.1,49.6,62.5,67.3,38.8,1717261117486
23.2,19.1,49.5,62.7,67.4,38.9,1717261128104
23.2,19.1,49.5,62.6,67.2,38.9,1717261138727
23.2,19.1,49.5,62.5,67.3,38.8,1717261149301
23.2,19.1,49.5,62.5,67.3,38.8,1717261160025
23.2,19.1,49.6,62.6,67.3,38.9,1717261170646
23.2,19.1,49.5,62.6,67.2,38.9,1717261181266
23.2,19.1,49.5,62.5,67.3,38.9,1717261191946
23.2,19.1,49.4,62.7,67.2,38.9,1717261202567
23.2,19.1,49.2,62.5,67.3,38.9,1717261213186
23.2,19.1,49.2,62.5,67.2,38.8,1717261223806
23.2,19.1,49.1,62.6,67.3,38.7,1717261234487
23.2,19.1,49,62.6,67.3,38.8,1717261245108
23.2,19.1,49.1,62.5,67.2,38.9,1717261255727
23.2,19.1,49.1,62.5,67.5,38.8,1717261266347
23.1,19.1,49.2,62.6,67.3,38.8,1717261277027
23.1,19.1,49.1,62.5,67.3,38.8,1717261287647
23.1,19.1,49,62.6,67.2,38.9,1717261298268
23.1,19,49.2,62.7,67.1,38.9,1717261308887
23.1,19,49,62.9,67.5,38.9,1717261319568
23.1,19,49.3,62.6,67.2,38.8,1717261330188
23.1,19,49.4,62.5,67.2,38.8,1717261340808
23.1,19,49.4,62.6,67.3,38.8,1717261351428
23.1,19,49.4,62.9,67.3,38.8,1717261362108
23.1,19,49.5,62.7,67.3,38.8,1717261372728
23.1,19,49.3,62.6,67.3,38.8,1717261383349
23.1,19,49.4,62.5,67.3,38.8,1717261393969
23.1,19,49.3,62.5,67.2,38.9,1717261404650
23.1,19,49.3,62.9,67.3,38.8,1717261415269
23.1,19,49.1,62.8,67.3,38.8,1717261425908
23.1,19,49.1,62.7,67.2,38.7,1717261436508
23.1,19,49.1,62.5,67.2,38.7,1717261447190
23.1,19,48.8,62.5,67.2,38.6,1717261457809
23.1,19,48.9,62.7,67.3,38.7,1717261468431
23.1,19,49.1,62.7,67.4,38.7,1717261479050
23.1,19,48.9,62.5,67.3,38.6,1717261489729
23.1,19,48.8,62.7,67.3,38.7,1717261500349
23.1,19,48.8,62.5,67.2,38.7,1717261510970
23,19,48.6,62.5,67.2,38.8,1717261521590
23.1,19,48.4,62.6,67.4,38.7,1717261532270
23.1,19,48.5,62.5,67.4,38.7,1717261542889
23,19,48.8,62.5,67.3,38.7,1717261553510
23,19,48.9,62.5,67.2,38.6,1717261564132
23,19,49.1,62.7,67.3,38.6,1717261574810
23,19,49.3,62.6,67.2,38.7,1717261585430
23,18.9,49.4,62.6,67.2,38.7,1717261596051
23,19,49.6,62.5,67.4,38.7,1717261606672
23,18.9,49.6,62.5,67.3,38.8,1717261617351
23,18.9,49.6,62.9,67.3,38.7,1717261627973
23,18.9,49.6,62.7,67.3,38.7,1717261638591
22.9,19,49.6,62.7,67.3,38.6,1717261649211
23,18.9,49.8,62.6,67.3,38.6,1717261659891
22.9,18.9,49.9,62.7,67.2,38.6,1717261670512
22.9,18.9,49.9,62.8,67.3,38.5,1717261681131
22.9,18.9,50,62.5,67.3,38.6,1717261691752
22.9,18.9,50.3,62.9,67.4,38.5,1717261702433
22.9,18.9,50.3,62.6,67.4,38.5,1717261713054
22.9,18.9,50.3,62.8,67.4,38.4,1717261723673
22.9,18.9,50.4,62.8,67.3,38.4,1717261734292
22.9,18.9,50.5,62.8,67.3,38.5,1717261744973
22.9,18.9,50.6,62.5,67.4,38.6,1717261755593
22.9,18.9,50.7,62.7,67.2,38.7,1717261766216
22.9,18.9,50.9,62.5,67.2,38.7,1717261776834
22.9,18.9,50.9,62.6,67.4,38.8,1717261787513
22.9,18.9,51.2,62.7,67.2,38.8,1717261798133
22.9,18.9,51.1,62.5,67.2,38.8,1717261808753
22.9,18.9,51.1,62.5,67.3,38.7,1717261819373
22.9,18.9,51.2,62.7,67.3,38.7,1717261830053
22.9,18.9,51.2,62.5,67.3,38.7,1717261840674
22.9,18.9,51.2,62.8,67.2,38.7,1717261851354
22.9,18.9,51.3,62.5,67.2,38.7,1717261861914
22.9,18.9,51.5,62.7,67.1,38.7,1717261872655
22.9,18.9,51.6,62.5,67.2,38.7,1717261883215
22.9,18.9,51.6,62.7,67.3,38.7,1717261893835
22.9,18.9,51.6,62.5,67.2,38.6,1717261904456
22.9,18.9,51.8,62.7,67.3,38.6,1717261915135
22.8,18.9,51.8,62.5,67.1,38.7,1717261925756
22.8,18.9,51.9,62.5,67.3,38.6,1717261936376
22.8,18.9,51.9,62.7,67.3,38.6,1717261946996
22.8,18.9,52,62.5,67.2,38.6,1717261957675
22.8,18.9,51.8,62.8,67.4,38.5,1717261968296
22.8,18.9,51.9,62.7,67.2,38.4,1717261978916
22.8,18.9,52,62.5,67.2,38.4,1717261989535
22.8,18.9,52,62.8,67.2,38.5,1717262000216
22.8,18.9,52,62.5,67.2,38.4,1717262010836
22.8,18.9,52,62.5,67.2,38.5,1717262021456
22.8,18.9,52,62.5,67.3,38.5,1717262032076
22.8,18.9,52.1,62.7,67.3,38.8,1717262042697
22.8,18.9,52,62.7,67.2,39.1,1717262053377
22.8,18.9,52.1,62.5,67.2,39.7,1717262063997
22.8,18.9,52.1,62.6,67.3,40,1717262074617
22.8,18.9,52,62.5,67.2,40.3,1717262085297
22.8,18.9,52,62.5,67.2,40.7,1717262095917
22.8,18.9,52,62.5,67.3,40.7,1717262106538
22.8,18.9,52,62.5,67.3,41,1717262117158
22.8,18.9,52,62.5,67.3,41,1717262127777
22.8,18.9,52,62.5,67.4,41.1,1717262138458
22.8,18.9,52,62.5,67.2,41.1,1717262149078
22.8,18.9,52,62.7,67.2,41.1,1717262159698
22.8,18.9,52,62.5,67.3,41.2,1717262170378
22.8,18.9,52,62.6,67.3,41.5,1717262180998
22.8,19,52,62.8,67.2,41.6,1717262191619
22.8,19,52,62.5,67.4,41.8,1717262202239
22.8,19,51.8,62.6,67.3,41.7,1717262212858
22.7,19,52,62.8,67.3,41.7,1717262223539
22.8,19,51.8,62.5,67.4,41.8,1717262234159
22.7,19,51.7,62.6,67.3,41.8,1717262244779
22.7,19,51.7,62.5,67.2,42,1717262255460
22.7,19,51.7,62.6,67.2,42.1,1717262266082
22.7,19,51.7,62.6,67.2,42.2,1717262276700
22.7,19,51.6,62.8,67.2,42.4,1717262287320
22.7,19,51.7,62.6,67.2,42.6,1717262297941
22.7,19.1,51.6,62.6,67.2,42.5,1717262308620
22.7,19.1,51.2,62.5,67.2,42.5,1717262319241
22.7,19.1,51.5,62.5,67.2,42.6,1717262329861
22.7,19.1,51.5,62.5,67.3,42.8,1717262340541
22.7,19.1,51.6,62.5,67.1,43.2,1717262351164
22.7,19.1,51.5,62.5,67.4,43.4,1717262361781
22.6,19.1,51.2,62.6,67.3,43.2,1717262372401
22.6,19.2,50.8,62.5,67.2,43.2,1717262383020
22.6,19.2,50.6,62.6,67.2,43.1,1717262393702
22.7,19.2,51.2,62.5,67.3,43.5,1717262404322
22.6,19.2,51.5,62.5,67.2,43.6,1717262414941
22.6,19.2,51.4,62.5,67.2,43.8,1717262425561
22.6,19.2,51.2,62.6,67.2,43.8,1717262436241
22.6,19.2,50.9,62.5,67.3,43.7,1717262446862
22.6,19.2,50.4,62.5,67.2,43.7,1717262457482
22.6,19.2,50.4,62.5,67.2,43.7,1717262468102
22.6,19.2,50.6,62.5,67.1,43.9,1717262478783
22.6,19.2,50.7,62.5,67.3,43.9,1717262489402
22.6,19.2,50.6,62.5,67.2,44.1,1717262500023
22.6,19.2,50.5,62.6,67.2,44,1717262510643
22.6,19.2,50.3,62.5,67.2,44.1,1717262521324
22.6,19.2,50,62.5,67,44.2,1717262531944
22.6,19.3,49.8,62.6,67.2,44.6,1717262542563
22.6,19.3,49.8,62.5,67.2,44.8,1717262553183
22.6,19.3,49.9,62.5,67.1,44.9,1717262563863
22.6,19.3,49.6,62.5,67.2,45,1717262574483
22.6,19.3,49.6,62.7,67.2,45.3,1717262585103
22.6,19.3,49.6,62.5,67.2,45.4,1717262595724
22.6,19.3,49.6,62.5,67.2,45.5,1717262606404
22.6,19.3,49.2,62.7,67.1,45.6,1717262617024
22.6,19.3,49.4,62.1,67,45.5,1717262627644
22.6,19.3,49.5,62.5,67.2,45.4,1717262638264
22.6,19.3,49.2,62.5,67.1,45.7,1717262648945
22.6,19.3,49.4,62.5,67.2,45.8,1717262659564
22.6,19.4,49.3,62.5,67.2,45.8,1717262670185
22.6,19.3,49.1,62.5,67.1,46.1,1717262680804
22.6,19.4,49,62.5,67.1,46.2,1717262691485
22.6,19.4,48.9,62.5,67.2,46.3,1717262702105
22.6,19.3,49.2,62.5,67.2,46.4,1717262712725
22.6,19.4,48.7,62.1,66.9,46.4,1717262723346
22.5,19.4,48.5,62.5,67.2,46.4,1717262734026
22.5,19.4,48.7,62.5,67.1,46.3,1717262744645
22.5,19.4,49,62.5,67.1,46.5,1717262755266
22.5,19.4,48.9,62.5,67.2,46.8,1717262765886
22.5,19.4,48.9,62.5,67.1,46.8,1717262776566
22.5,19.4,48.5,62.5,67,46.7,1717262787186
22.5,19.4,48.5,62,67,46.6,1717262797806
22.5,19.4,48.4,62.5,67.1,46.8,1717262808427
22.5,19.4,48.8,62.5,67,47,1717262819106
22.5,19.4,49.2,62.5,67.2,47.2,1717262829726
22.4,19.4,49.2,62.5,67.1,47.1,1717262840347
22.5,19.4,48.7,62.5,67.1,47,1717262850968
22.5,19.4,48.9,62.5,67.2,47,1717262861648
22.5,19.4,49.2,62.5,67.1,47.2,1717262872267
22.4,19.4,49.4,62.6,67.1,47.4,1717262882887
22.4,19.4,49.6,62.5,67,47.5,1717262893507
22.5,19.4,49.9,62.5,67,47.5,1717262904187
22.4,19.4,49.8,62.5,67.1,47.6,1717262914807
22.4,19.4,49.5,62.5,66.9,47.6,1717262925428
22.4,19.5,49.5,62.5,67.1,47.7,1717262936048
22.4,19.5,50,62.5,67.1,47.8,1717262946728
22.4,19.5,49.9,62.5,66.8,47.9,1717262957349
22.4,19.5,50.2,62.5,67.1,47.9,1717262967968
22.4,19.5,50.2,62.5,66.9,47.9,1717262978588
22.4,19.5,50.4,62.5,67,47.9,1717262989269
22.4,19.5,50.2,62.5,67.1,48,1717262999889
22.4,19.5,50.4,62.5,67.1,48,1717263010509
22.4,19.5,50.5,62.5,67,48,1717263021129
22.4,19.5,50.7,62.5,66.9,48.1,1717263031810
22.4,19.5,50.5,62.5,67.1,48.1,1717263042429
22.4,19.5,50.5,62.1,67.2,48.1,1717263053050
22.4,19.5,50.7,62.5,67.1,48.2,1717263063671
22.4,19.5,50.7,62.5,67.1,48.3,1717263074350
22.4,19.5,51,62.5,66.9,48.2,1717263084971
22.4,19.5,51.2,62.5,67,47.8,1717263095591
22.4,19.5,51.3,62.5,67,47.4,1717263106210
22.4,19.5,51.5,62.5,67,46.8,1717263116891
22.4,19.5,51.4,62.5,67.1,46.5,1717263127510
22.4,19.5,51.6,62.1,66.9,46.5,1717263138132
22.4,19.5,51.6,62.1,67,46.3,1717263161746
22.4,19.5,51.6,62.5,67,46.5,1717263170068